{"cameraMode":{"drawMode":0,"name":"Shaded","section":"Shading Mode"},"sceneLighting":false,"audioPlay":false,"sceneViewState":{"m_AlwaysRefresh":false,"showFog":true,"showSkybox":false,"showFlares":true,"showImageEffects":true,"showParticleSystems":true,"showVisualEffectGraphs":true,"m_FxEnabled":true},"in2DMode":false,"pivot":{"x":-0.4422597885131836,"y":-0.34684276580810549,"z":-0.13567161560058595},"rotation":{"x":0.2043280303478241,"y":0.01761447824537754,"z":-0.003678935347124934,"w":0.9787455201148987},"size":10.077359199523926,"orthographic":false}