{"cameraMode":{"drawMode":0,"name":"Shaded","section":"Shading Mode"},"sceneLighting":true,"audioPlay":false,"sceneViewState":{"m_AlwaysRefresh":false,"showFog":true,"showSkybox":true,"showFlares":true,"showImageEffects":true,"showParticleSystems":true,"showVisualEffectGraphs":true,"m_FxEnabled":true},"in2DMode":false,"pivot":{"x":3.9690701961517336,"y":0.6547341346740723,"z":2.1359128952026369},"rotation":{"x":-0.0901712030172348,"y":-0.018824787810444833,"z":0.0017054578056558967,"w":-0.9957537055015564},"size":18.846921920776368,"orthographic":false}